rname,qname,pos,qwidth,strand,seq
REL606,terA,1340116,23,-,AACTAGTATGTTGTAACTAAAGT
REL606,terB,1661421,23,+,ATTAAGGATGTTGTAACTAAAGT
REL606,terC,1575702,23,+,ACATAGGATGTTGTAACTAATAT
REL606,terD,1279677,23,-,CATTAGTATGTTGTAACTAAATA
REL606,terE,1098490,23,-,TTAAAGTATGTTGTAACTAAGCA
REL606,terF,2264364,23,+,CCTTCGTATGTTGTAACGACGAT
REL606,terG,2323869,23,+,GTCAAGAATGTTGTAACTAACCA
REL606,terH,580574,23,-,CGATCGTATGTTGTAACTATCTC
REL606,terI,608119,23,-,GACATGGAAGTTGTAACTAACCG
REL606,terJ,2497073,23,+,ACGCAGTAAGTTGTAACTAATGC
