"rname","qname","pos","qwidth","strand","seq"
"TW14359","terA",1808441,23,"-","AACTAGTATGTTGTAACTAAAGT"
"TW14359","terB",2189303,23,"+","ATTAAGGATGTTGTAACTAAAGT"
"TW14359","terC",2046656,23,"+","TTATAGGATGTTGTAACTAATAT"
"TW14359","terD",1645220,23,"-","CATTAGTATGTTGTAACTAAATG"
"TW14359","terE",1267721,23,"-","TTAAAGTATGTTGTAACTAAGCA"
"TW14359","terF",3046884,23,"+","CCTTCGTATGTTGTTACGACGAT"
"TW14359","terG",3104102,23,"+","GCTAAGGATGTTGTAACTAACCA"
"TW14359","terH",687068,23,"-","CGATCGTATGTTGTAACTATCTC"
"TW14359","terI",711749,23,"-","GACATGGAAGTTGTAACTAACCG"
"TW14359","terJ",3351357,23,"+","GCGCAGTAAGTTGTAACTAATGC"
